DATE,SPX,IBM,DTB3
12/28/2015,2056.5,133.19,0.23
12/29/2015,2078.36,135.29,0.23
12/30/2015,2063.36,134.87,0.21
12/31/2015,2043.94,133.2,0.16
01/04/2016,2012.66,131.59,0.22
01/05/2016,2016.71,131.49,0.2
01/06/2016,1990.26,130.83,0.21
01/07/2016,1943.09,128.6,0.2
01/08/2016,1922.03,127.41,0.2
01/11/2016,1923.67,128.95,0.21
01/12/2016,1938.68,128.63,0.21
1/13/2016,1890.28,126.96,0.22
1/14/2016,1921.84,128.64,0.25
1/15/2016,1880.33,125.86,0.23
1/19/2016,1881.33,124,0.26
1/20/2016,1859.33,117.95,0.26
1/21/2016,1868.99,118.97,0.28
1/22/2016,1906.9,118.57,0.3
1/25/2016,1877.08,118.16,0.31
1/26/2016,1903.63,118.66,0.31
1/27/2016,1882.95,117.08,0.32
1/28/2016,1893.36,118.3,0.34
1/29/2016,1940.24,120.79,0.32
02/01/2016,1939.38,120.82,0.35
02/02/2016,1903.03,118.99,0.34
02/03/2016,1912.53,120.72,0.33
02/04/2016,1915.45,123.55,0.29
02/05/2016,1880.05,124.44,0.29
02/08/2016,1853.44,122.9,0.32
02/09/2016,1852.21,120.09,0.3
02/10/2016,1851.86,116.33,0.31
02/11/2016,1829.08,114.07,0.28
02/12/2016,1864.78,117.16,0.29
2/16/2016,1895.58,118.8,0.3
2/17/2016,1926.82,122.05,0.3
2/18/2016,1917.83,128.2,0.3
2/19/2016,1917.78,128.81,0.3
2/22/2016,1945.5,129.48,0.33
2/23/2016,1921.27,128.15,0.32
2/24/2016,1929.8,128.54,0.33
2/25/2016,1951.7,130.18,0.32
2/26/2016,1948.05,127.79,0.32
2/29/2016,1932.23,126.82,0.33
03/01/2016,1978.35,130.06,0.33
03/02/2016,1986.45,131.93,0.35
03/03/2016,1993.4,133.38,0.27
03/04/2016,1999.99,133.38,0.28
03/07/2016,2001.76,135.65,0.32
03/08/2016,1979.26,134.61,0.29
03/09/2016,1989.26,135.9,0.3
03/10/2016,1989.57,135.69,0.31
03/11/2016,2022.19,137.79,0.32
3/14/2016,2019.64,138.2,0.34
3/15/2016,2015.93,138.37,0.34
3/16/2016,2027.22,140.14,0.31
3/17/2016,2040.59,142.32,0.29
3/18/2016,2049.58,142.37,0.29
3/21/2016,2051.6,143.86,0.31
3/22/2016,2049.8,143.35,0.3
3/23/2016,2036.71,140.73,0.3
3/24/2016,2035.94,143.2,0.29
3/28/2016,2037.05,143.64,0.29
3/29/2016,2055.01,144.54,0.23
3/30/2016,2063.95,143.65,0.2
3/31/2016,2059.74,146.59,0.21
04/01/2016,2072.78,147.63,0.23
04/04/2016,2066.13,147.19,0.23
04/05/2016,2045.17,145.19,0.23
04/06/2016,2066.66,145.21,0.23
04/07/2016,2041.91,143.49,0.23
04/08/2016,2047.6,144.56,0.23
04/11/2016,2041.99,144.46,0.23
04/12/2016,2061.72,144.83,0.22
4/13/2016,2082.42,146.38,0.23
4/14/2016,2082.78,146.31,0.22
4/15/2016,2080.73,146.85,0.22
4/18/2016,2094.34,147.63,0.22
4/19/2016,2100.8,139.38,0.21
4/20/2016,2102.4,141.42,0.23
4/21/2016,2091.48,144.51,0.23
4/22/2016,2091.58,143.73,0.23
4/25/2016,2087.79,144.03,0.25
4/26/2016,2091.7,144.3,0.24
4/27/2016,2095.15,145.64,0.24
4/28/2016,2075.81,142.35,0.22
4/29/2016,2065.3,141.26,0.22
05/02/2016,2081.43,140.61,0.22
05/03/2016,2063.37,139.5,0.21
05/04/2016,2051.12,139.62,0.19
05/05/2016,2050.63,141.77,0.2
05/06/2016,2057.14,142.56,0.19
05/09/2016,2058.69,142.61,0.24
05/10/2016,2084.39,145.16,0.24
05/11/2016,2064.46,144.17,0.26
05/12/2016,2064.11,144.06,0.27
5/13/2016,2046.61,142.98,0.28
5/16/2016,2066.66,144.66,0.28
5/17/2016,2047.21,143.25,0.28
5/18/2016,2047.63,142.61,0.3
5/19/2016,2040.04,140.28,0.3
5/20/2016,2052.32,142.52,0.32
5/23/2016,2048.04,142.06,0.35
5/24/2016,2076.06,143.55,0.35
5/25/2016,2090.54,146.82,0.33
5/26/2016,2090.1,147.55,0.3
5/27/2016,2099.06,147.93,0.31
5/31/2016,2096.96,148.81,0.34
06/01/2016,2099.33,147.62,0.3
06/02/2016,2105.26,148.57,0.28
06/03/2016,2099.13,147.98,0.29
06/06/2016,2109.41,147.83,0.28
06/07/2016,2112.13,148.41,0.28
06/08/2016,2119.12,149.06,0.24
06/09/2016,2115.48,148.5,0.25
06/10/2016,2096.07,147.48,0.25
6/13/2016,2079.06,146.43,0.27
6/14/2016,2075.32,146.21,0.27
6/15/2016,2071.5,145.84,0.26
6/16/2016,2077.99,146.21,0.27
6/17/2016,2071.22,147.11,0.26
6/20/2016,2083.25,148.68,0.28
6/21/2016,2088.9,149.11,0.27
6/22/2016,2085.45,148.01,0.27
6/23/2016,2113.32,150.36,0.3
6/24/2016,2037.41,141.89,0.26
6/27/2016,2000.54,138.89,0.27
6/28/2016,2036.09,141.02,0.26
6/29/2016,2070.77,143.7,0.26
6/30/2016,2098.86,146.91,0.26
07/01/2016,2102.95,147.46,0.27
07/05/2016,2088.55,146.81,0.28
07/06/2016,2099.73,147.48,0.27
07/07/2016,2097.9,147.7,0.29
07/08/2016,2129.9,149.5,0.27
07/11/2016,2137.16,150.35,0.31
07/12/2016,2152.14,152,0.29
7/13/2016,2152.43,152.95,0.31
7/14/2016,2163.75,155.14,0.31
7/15/2016,2161.74,154.65,0.31
7/18/2016,2166.89,154.73,0.32
7/19/2016,2163.78,154.46,0.31
7/20/2016,2173.02,156.18,0.32
7/21/2016,2165.17,155.3,0.31
7/22/2016,2175.03,156.87,0.32
7/25/2016,2168.48,157.43,0.32
7/26/2016,2169.18,156.92,0.31
7/27/2016,2166.58,156.64,0.31
7/28/2016,2170.06,156.19,0.25
7/29/2016,2173.6,155.47,0.27
08/01/2016,2170.84,156.27,0.29
08/02/2016,2157.03,155.43,0.29
08/03/2016,2163.79,155.51,0.28
08/04/2016,2164.25,156.37,0.26
08/05/2016,2182.87,158.25,0.27
08/08/2016,2180.89,156.84,0.31
08/09/2016,2181.74,156.58,0.29
08/10/2016,2175.49,156.88,0.28
08/11/2016,2185.79,158.28,0.28
08/12/2016,2184.05,156.75,0.28
8/15/2016,2190.15,156.68,0.31
8/16/2016,2178.15,155.54,0.27
8/17/2016,2182.22,155.29,0.3
8/18/2016,2187.02,156.18,0.29
8/19/2016,2183.87,154.9,0.29
8/22/2016,2182.64,154.87,0.29
8/23/2016,2186.9,155.12,0.3
8/24/2016,2175.44,153.95,0.31
8/25/2016,2172.47,153.54,0.33
8/26/2016,2169.04,153.24,0.33
8/29/2016,2180.38,154.59,0.33
8/30/2016,2176.12,154.28,0.33
8/31/2016,2170.95,153.78,0.33
09/01/2016,2170.86,154.42,0.33
09/02/2016,2179.98,154.43,0.32
09/06/2016,2186.48,155.2,0.32
09/07/2016,2186.16,156.45,0.34
09/08/2016,2181.3,153.9,0.34
09/09/2016,2127.81,150.69,0.34
09/12/2016,2159.04,153.21,0.37
9/13/2016,2127.02,150.81,0.36
9/14/2016,2125.77,149.11,0.33
9/15/2016,2147.26,150.66,0.29
9/16/2016,2139.16,148.9,0.29
9/19/2016,2139.12,149.9,0.3
9/20/2016,2139.76,149.49,0.3
9/21/2016,2163.12,150.54,0.22
9/22/2016,2177.18,151.1,0.18
9/23/2016,2164.69,150.01,0.18
9/26/2016,2146.1,149.04,0.25
9/27/2016,2159.93,151.74,0.26
9/28/2016,2171.37,153.21,0.27
9/29/2016,2151.13,153.04,0.26
9/30/2016,2168.27,153.75,0.28
10/03/2016,2161.2,152.55,0.32
10/04/2016,2150.49,151.44,0.33
10/05/2016,2159.73,152.04,0.32
10/06/2016,2160.77,151.85,0.32
10/07/2016,2153.74,150.67,0.32
10/10/2016,2163.66,151.98,0.335
10/11/2016,2136.73,149.82,0.35
10/12/2016,2139.18,149.34,0.36
10/13/2016,2132.55,148.79,0.29
10/14/2016,2132.98,149.49,0.31
10/17/2016,2126.5,149.8,0.34
10/18/2016,2139.6,145.88,0.34
10/19/2016,2144.29,146.41,0.34
10/20/2016,2141.34,146.66,0.34
10/21/2016,2141.16,144.83,0.33
10/24/2016,2151.33,145.74,0.33
10/25/2016,2143.16,146.04,0.34
10/26/2016,2139.43,146.94,0.33
10/27/2016,2133.04,148.43,0.29
10/28/2016,2126.41,147.71,0.29
10/31/2016,2126.15,148.76,0.34
11/01/2016,2111.72,147.89,0.35
11/02/2016,2097.94,147.07,0.36
11/03/2016,2088.66,147.48,0.37
11/04/2016,2085.18,147.54,0.37
11/07/2016,2131.52,150.72,0.41
11/08/2016,2139.56,150.19,0.43
11/09/2016,2163.26,149.84,0.44
11/10/2016,2167.48,155.08,0.47
11/11/2016,2164.45,156.09,0.505
11/14/2016,2164.2,153.13,0.54
11/15/2016,2180.39,153.58,0.5
11/16/2016,2176.94,154.18,0.46
11/17/2016,2187.12,154.67,0.43
11/18/2016,2181.9,155.24,0.43
11/21/2016,2198.18,157.55,0.46
11/22/2016,2202.94,157.45,0.48
11/23/2016,2204.72,156.78,0.5
11/25/2016,2213.35,157.9,0.48
11/28/2016,2201.72,159.24,0.48
11/29/2016,2204.66,158.28,0.48
11/30/2016,2198.81,157.01,0.48
12/01/2016,2191.08,154.69,0.47
12/02/2016,2191.95,154.88,0.48
12/05/2016,2204.71,154.71,0.49
12/06/2016,2212.23,155.2,0.49
12/07/2016,2241.35,159.5,0.51
12/08/2016,2246.19,160.05,0.5
12/09/2016,2259.53,161.18,0.53
12/12/2016,2256.96,160.19,0.51
12/13/2016,2271.72,162.89,0.54
12/14/2016,2253.28,163.1,0.54
12/15/2016,2262.03,162.63,0.5
12/16/2016,2258.07,161.38,0.5
12/19/2016,2262.53,161.33,0.52
12/20/2016,2270.76,162.22,0.52
12/21/2016,2265.18,161.96,0.51
12/22/2016,2260.96,161.7,0.5
12/23/2016,2263.79,161.36,0.51
12/27/2016,2268.88,161.78,0.51
12/28/2016,2249.92,160.86,0.52
12/29/2016,2249.26,161.25,0.46
12/30/2016,2238.83,160.66,0.5
01/03/2017,2257.83,161.82,0.53
01/04/2017,2270.75,163.83,0.52
01/05/2017,2269,163.29,0.51
01/06/2017,2276.98,164.09,0.52
01/09/2017,2268.9,162.27,0.5
01/10/2017,2268.9,160.21,0.51
01/11/2017,2275.32,162.37,0.51
01/12/2017,2270.44,162.56,0.51
1/13/2017,2274.64,161.97,0.52
1/17/2017,2267.89,162.5,0.54
1/18/2017,2271.89,161.45,0.52
1/19/2017,2263.69,161.46,0.51
1/20/2017,2271.31,165.08,0.49
1/23/2017,2265.2,165.54,0.51
1/24/2017,2280.07,170.25,0.5
1/25/2017,2298.37,172.57,0.49
1/26/2017,2296.68,172.93,0.5
1/27/2017,2294.69,171.61,0.51
1/30/2017,2280.9,170.16,0.51
1/31/2017,2278.87,168.92,0.52
02/01/2017,2279.55,168.7,0.5
02/02/2017,2280.85,168.98,0.51
02/03/2017,2297.42,170.18,0.5
02/06/2017,2292.56,170.22,0.53
02/07/2017,2293.08,172.73,0.53
02/08/2017,2294.67,170.52,0.53
02/09/2017,2307.87,171.52,0.53
02/10/2017,2316.1,172.95,0.54
2/13/2017,2328.25,173.6,0.52
2/14/2017,2337.58,174.35,0.54
2/15/2017,2349.25,175.85,0.53
2/16/2017,2347.22,175.61,0.52
2/17/2017,2351.16,174.87,0.52
2/21/2017,2365.38,174.47,0.53
2/22/2017,2362.82,175.34,0.52
2/23/2017,2363.81,175.82,0.51
2/24/2017,2367.34,175.53,0.51
2/27/2017,2369.75,173.64,0.5
2/28/2017,2363.64,174.05,0.53
03/01/2017,2395.96,176.11,0.62
03/02/2017,2381.92,174.74,0.66
03/03/2017,2383.12,174.27,0.7
03/06/2017,2375.31,174.68,0.73
03/07/2017,2368.39,174.59,0.75
03/08/2017,2362.98,173.69,0.72
03/09/2017,2364.87,171.49,0.72
03/10/2017,2372.6,172.12,0.73
3/13/2017,2373.47,170.8,0.78
3/14/2017,2365.45,170.08,0.77
3/15/2017,2385.26,170.17,0.72
3/16/2017,2381.38,171.55,0.72
3/17/2017,2378.25,170.01,0.72
3/20/2017,2373.47,170.06,0.75
3/21/2017,2344.02,168.3,0.76
3/22/2017,2348.45,169.17,0.76
3/23/2017,2345.96,169.21,0.75
3/24/2017,2343.98,168.25,0.77
3/27/2017,2341.59,168.19,0.77
3/28/2017,2358.57,168.91,0.77
3/29/2017,2361.13,168.36,0.77
3/30/2017,2368.06,168.28,0.77
3/31/2017,2362.72,168.55,0.75
04/03/2017,2358.84,168.9,0.78
04/04/2017,2360.16,168.92,0.78
04/05/2017,2352.95,167.33,0.79
04/06/2017,2357.49,166.92,0.78
04/07/2017,2355.54,166.62,0.81
04/10/2017,2357.16,165.71,0.81
04/11/2017,2353.78,165.11,0.81
04/12/2017,2344.93,165.18,0.8
4/13/2017,2328.95,164.09,0.8
4/17/2017,2349.01,165.61,0.82
4/18/2017,2342.19,164.59,0.81
4/19/2017,2338.17,156.5,0.8
4/20/2017,2355.84,157.09,0.78
4/21/2017,2348.69,155.23,0.78
4/24/2017,2374.15,155.59,0.8
4/25/2017,2388.61,155.24,0.81
4/26/2017,2387.45,154.92,0.82
4/27/2017,2388.77,155.17,0.8
4/28/2017,2384.2,155.15,0.79
05/01/2017,2388.33,153.74,0.82
05/02/2017,2391.17,153.99,0.81
05/03/2017,2388.13,153.54,0.84
05/04/2017,2389.52,153.95,0.84
05/05/2017,2399.29,150.07,0.88
05/08/2017,2399.38,148.12,0.9
05/09/2017,2396.92,147.23,0.9
05/10/2017,2399.63,146.4,0.89
05/11/2017,2394.44,145.82,0.87
05/12/2017,2390.9,145.54,0.86
5/15/2017,2402.32,146.65,0.89
5/16/2017,2400.67,148.75,0.89
5/17/2017,2357.03,146.09,0.89
5/18/2017,2365.72,145.94,0.91
5/19/2017,2381.73,147.1,0.9
5/22/2017,2394.02,147.74,0.92
5/23/2017,2398.42,147.15,0.91
5/24/2017,2404.39,147.62,0.92
5/25/2017,2415.07,148.28,0.92
5/26/2017,2415.82,147.6,0.92
5/30/2017,2412.91,146.86,0.92
5/31/2017,2411.8,147.73,0.96
06/01/2017,2430.06,147.77,0.96
06/02/2017,2439.07,147.17,0.96
06/05/2017,2436.1,147.52,0.95
06/06/2017,2429.33,147.48,0.96
06/07/2017,2433.14,146.13,0.98
06/08/2017,2433.79,147.22,0.99
06/09/2017,2431.77,149.15,0.99
06/12/2017,2429.39,150.2,0.97
6/13/2017,2440.35,149.3,0.99
6/14/2017,2437.92,148.87,0.99
6/15/2017,2432.46,149.27,1
6/16/2017,2433.15,150.39,1.01
6/19/2017,2453.46,149.87,1.01
6/20/2017,2437.03,149.98,1
6/21/2017,2435.61,148.85,0.97
6/22/2017,2434.5,149.44,0.94
6/23/2017,2438.3,149.16,0.95
6/26/2017,2439.07,150.25,0.98
6/27/2017,2419.38,149.78,0.99
6/28/2017,2440.69,150.34,1
6/29/2017,2419.7,149.18,1.02
6/30/2017,2423.41,148.89,1.01
07/03/2017,2429.01,150.59,1.04
07/05/2017,2432.54,148.74,1.03
07/06/2017,2409.75,147.47,1.02
07/07/2017,2425.18,148.03,1.03
07/10/2017,2427.43,148.5,1.03
07/11/2017,2425.53,148.27,1.03
07/12/2017,2443.25,148.77,1.03
7/13/2017,2447.83,148.7,1.03
7/14/2017,2459.27,149.29,1.02
7/17/2017,2459.14,148.1,1.05
7/18/2017,2460.61,149.06,1.05
7/19/2017,2473.83,142.8,1.09
7/20/2017,2473.45,142.92,1.13
7/21/2017,2472.54,142.36,1.14
7/24/2017,2469.91,141.3,1.15
7/25/2017,2477.13,141.5,1.16
7/26/2017,2477.83,140.69,1.11
7/27/2017,2475.42,140.41,1.09
7/28/2017,2472.1,139.66,1.06
7/31/2017,2470.3,140.03,1.05
08/01/2017,2476.35,140.64,1.06
08/02/2017,2477.57,139.81,1.06
08/03/2017,2472.16,140.29,1.06
08/04/2017,2476.83,140.5,1.06
08/07/2017,2480.91,138.87,1.01
08/08/2017,2474.92,137.55,1.04
08/09/2017,2474.02,137.22,1.04
08/10/2017,2438.21,137.29,1.03
08/11/2017,2441.32,137.29,1.01
8/14/2017,2465.84,137.75,1.01
8/15/2017,2464.61,137.51,1.02
8/16/2017,2468.11,137.93,1
8/17/2017,2430.01,136.18,0.98
8/18/2017,2425.55,135.22,1
8/21/2017,2428.37,135.83,0.99
8/22/2017,2452.51,136.48,0.99
8/23/2017,2444.04,137.58,0.98
8/24/2017,2438.97,138.35,1
8/25/2017,2443.05,139.13,1.01
8/28/2017,2444.24,137.94,0.97
8/29/2017,2446.3,138.55,1.01
8/30/2017,2457.59,137.98,1.01
8/31/2017,2471.65,138.44,0.99
09/01/2017,2476.55,139.46,1
09/05/2017,2457.85,138.45,1.01
09/06/2017,2465.54,139.2,1.05
09/07/2017,2465.1,138.31,1.03
09/08/2017,2461.43,137.88,1.02
09/11/2017,2488.11,140.21,1.04
09/12/2017,2496.48,141.08,1.02
9/13/2017,2498.37,141.3,1.02
9/14/2017,2495.62,140.87,1.03
9/15/2017,2500.23,140.17,1.03
9/18/2017,2503.87,139.91,1.04
9/19/2017,2506.65,139.76,1.03
9/20/2017,2508.24,141.2,1.02
9/21/2017,2500.6,140.6,1.02
9/22/2017,2502.22,140.47,1.01
9/25/2017,2496.66,141.19,1.04
9/26/2017,2496.84,141.86,1.05
9/27/2017,2507.04,140.99,1.05
9/28/2017,2510.06,140.99,1.04
9/29/2017,2519.36,140.42,1.04
10/02/2017,2529.12,141.95,1
10/03/2017,2534.58,142.07,1.05
10/04/2017,2537.74,141.78,1.06
10/05/2017,2552.07,142.01,1.05
10/06/2017,2549.33,141.78,1.05
10/09/2017,2544.73,142.66,1.055
10/10/2017,2550.64,143.73,1.06
10/11/2017,2555.24,142.88,1.08
10/12/2017,2550.93,142.31,1.07
10/13/2017,2553.17,142.38,1.07
10/16/2017,2557.64,142.12,1.09
10/17/2017,2559.36,141.84,1.07
10/18/2017,2561.26,154.41,1.07
10/19/2017,2562.1,155.74,1.08
10/20/2017,2575.21,156.87,1.09
10/23/2017,2564.98,154.43,1.08
10/24/2017,2569.13,150.88,1.1
10/25/2017,2557.15,148.57,1.1
10/26/2017,2560.4,148.67,1.09
10/27/2017,2581.07,148.75,1.08
10/30/2017,2572.83,149.41,1.1
10/31/2017,2575.26,149.12,1.13
11/01/2017,2579.36,149.09,1.16
11/02/2017,2579.85,148.43,1.15
11/03/2017,2587.84,146.72,1.16
11/06/2017,2591.13,146,1.17
11/07/2017,2590.64,146.49,1.2
11/08/2017,2594.38,146.71,1.21
11/09/2017,2584.62,145.48,1.22
11/10/2017,2582.3,144.37,1.21
11/13/2017,2584.84,143.64,1.22
11/14/2017,2578.87,144.11,1.24
11/15/2017,2564.62,142.38,1.23
11/16/2017,2585.64,144.33,1.25
11/17/2017,2578.85,144.19,1.26
11/20/2017,2582.14,145.68,1.28
11/21/2017,2599.03,147.07,1.28
11/22/2017,2597.08,146.9,1.27
11/24/2017,2602.42,146.97,1.26
11/27/2017,2601.42,147.1,1.25
11/28/2017,2627.04,147.58,1.28
11/29/2017,2626.07,148.62,1.27
11/30/2017,2647.58,149.03,1.25
12/01/2017,2642.22,149.79,1.25
12/04/2017,2639.44,151.44,1.28
12/05/2017,2629.57,150.36,1.28
12/06/2017,2629.27,149.15,1.28
12/07/2017,2636.98,148.64,1.27
12/08/2017,2651.5,149.84,1.26
12/11/2017,2659.99,150.42,1.31
12/12/2017,2664.11,151.71,1.32
12/13/2017,2662.85,148.97,1.28
12/14/2017,2652.01,149.06,1.3
12/15/2017,2675.81,147.61,1.29
12/18/2017,2690.16,148.41,1.36
12/19/2017,2681.47,148.31,1.35
12/20/2017,2679.25,148.04,1.36
12/21/2017,2684.57,146.64,1.33
12/22/2017,2683.34,147.61,1.31
12/26/2017,2680.5,147.93,1.45
12/27/2017,2682.62,148.22,1.42
12/28/2017,2687.54,149.1,1.37
12/29/2017,2673.61,148.5,1.37
01/02/2018,2695.81,149.3,1.42
01/03/2018,2713.06,153.4,1.39
01/04/2018,2723.99,156.51,1.39
01/05/2018,2743.15,157.28,1.37
01/08/2018,2747.71,158.22,1.43
01/09/2018,2751.29,158.57,1.42
01/10/2018,2748.23,158.91,1.4
01/11/2018,2767.56,158.93,1.41
01/12/2018,2786.24,157.9,1.41
1/16/2018,2776.42,158.59,1.43
1/17/2018,2802.56,163.24,1.42
1/18/2018,2798.03,163.69,1.43
1/19/2018,2810.3,157.16,1.42
1/22/2018,2832.97,157.38,1.43
1/23/2018,2839.13,160.91,1.42
1/24/2018,2837.54,160.06,1.41
1/25/2018,2839.25,160.16,1.4
1/26/2018,2872.87,161.97,1.39
1/29/2018,2853.53,161.45,1.43
1/30/2018,2822.43,158.37,1.42
1/31/2018,2823.81,158.45,1.44
02/01/2018,2821.98,157.19,1.46
02/02/2018,2762.13,153.93,1.46
02/05/2018,2648.94,147.63,1.49
02/06/2018,2695.14,150.35,1.5
02/07/2018,2681.66,148.91,1.53
02/08/2018,2581,142.85,1.53
02/09/2018,2619.55,144.71,1.53
02/12/2018,2656,146.54,1.61
2/13/2018,2662.94,145.91,1.57
2/14/2018,2698.63,149.79,1.56
2/15/2018,2731.2,151,1.56
2/16/2018,2732.22,151.17,1.59
2/20/2018,2716.26,150.18,1.64
2/21/2018,2701.33,149.02,1.62
2/22/2018,2703.96,148.26,1.61
2/23/2018,2747.3,150.53,1.61
2/26/2018,2779.6,153.49,1.65
2/27/2018,2744.28,151.53,1.64
2/28/2018,2713.83,150.83,1.63
03/01/2018,2677.67,148.87,1.6
03/02/2018,2691.25,149.53,1.62
03/05/2018,2720.94,151.91,1.67
03/06/2018,2728.12,150.72,1.65
03/07/2018,2726.8,153.24,1.65
03/08/2018,2738.97,151.2,1.64
03/09/2018,2786.57,154.2,1.64
03/12/2018,2783.02,155.12,1.68
3/13/2018,2765.31,154.21,1.7
3/14/2018,2749.48,153.05,1.73
3/15/2018,2747.33,154.49,1.74
3/16/2018,2752.01,155.12,1.75
3/19/2018,2712.92,152.3,1.77
3/20/2018,2716.94,151.19,1.78
3/21/2018,2711.93,151.66,1.71
3/22/2018,2643.69,147.21,1.69
3/23/2018,2588.26,144.11,1.71
3/26/2018,2658.55,148.45,1.76
3/27/2018,2612.62,147.03,1.74
3/28/2018,2605,147.63,1.7
3/29/2018,2640.87,148.51,1.7
04/02/2018,2581.88,145.25,1.74
04/03/2018,2614.45,145.04,1.72
04/04/2018,2644.69,149.17,1.68
04/05/2018,2662.84,149.09,1.69
04/06/2018,2604.47,145.74,1.7
04/09/2018,2613.16,147.79,1.73
04/10/2018,2656.87,150.4,1.71
04/11/2018,2642.19,150.37,1.7
04/12/2018,2663.99,153,1.72
4/13/2018,2656.3,151.68,1.73
4/16/2018,2677.84,152.82,1.76
4/17/2018,2706.39,155.75,1.77
4/18/2018,2708.64,144.01,1.78
4/19/2018,2693.13,142.96,1.79
4/20/2018,2670.14,140.25,1.78
4/23/2018,2670.29,141.18,1.84
4/24/2018,2634.56,140.89,1.84
4/25/2018,2639.4,141.26,1.82
4/26/2018,2666.94,142.01,1.79
4/27/2018,2669.91,141.78,1.78
4/30/2018,2648.05,140.31,1.84
05/01/2018,2654.8,140.35,1.82
05/02/2018,2635.67,137.88,1.81
05/03/2018,2629.73,137.43,1.8
05/04/2018,2663.42,139.29,1.8
05/07/2018,2672.63,138.62,1.83
05/08/2018,2671.92,138.41,1.84
05/09/2018,2697.79,138.03,1.85
05/10/2018,2723.07,139.61,1.86
05/11/2018,2727.72,139.51,1.88
5/14/2018,2730.13,139.67,1.9
5/15/2018,2711.45,139.13,1.89
5/16/2018,2722.46,139.99,1.88
5/17/2018,2720.13,139.86,1.88
5/18/2018,2712.97,139.46,1.87
5/21/2018,2733.01,140.82,1.9
5/22/2018,2724.44,140.43,1.9
5/23/2018,2733.29,140.03,1.88
5/24/2018,2727.76,139.45,1.87
5/25/2018,2721.33,139.03,1.86
5/29/2018,2689.86,136.69,1.9
5/30/2018,2724.01,138.04,1.9
5/31/2018,2705.27,136.77,1.89
06/01/2018,2734.62,137.39,1.88
06/04/2018,2746.87,138.45,1.91
06/05/2018,2748.8,139.09,1.91
06/06/2018,2772.35,140.07,1.91
06/07/2018,2770.37,140.69,1.9
06/08/2018,2779.03,141.45,1.89
06/11/2018,2782,141.88,1.91
06/12/2018,2786.85,142.16,1.89
6/13/2018,2775.63,141.65,1.9
6/14/2018,2782.49,140.54,1.9
6/15/2018,2779.66,140.72,1.9
6/18/2018,2773.75,139.84,1.91
6/19/2018,2762.59,139.28,1.91
6/20/2018,2767.32,138.05,1.9
6/21/2018,2749.76,136.72,1.9
6/22/2018,2754.88,136.75,1.89
6/25/2018,2717.07,134.34,1.9
6/26/2018,2723.06,134.62,1.9
6/27/2018,2699.63,133.07,1.89
6/28/2018,2716.31,135.55,1.89
6/29/2018,2718.37,135.22,1.89
07/02/2018,2726.71,135.37,1.95
07/03/2018,2713.22,135.09,1.94
07/05/2018,2736.61,136.89,1.92
07/06/2018,2759.82,137.91,1.93
07/09/2018,2784.17,139.76,1.95
07/10/2018,2793.84,140.07,1.95
07/11/2018,2774.02,140.29,1.93
07/12/2018,2798.29,141.75,1.94
7/13/2018,2801.31,141.22,1.94
7/16/2018,2798.43,140.79,1.98
7/17/2018,2809.55,138.89,1.98
7/18/2018,2815.62,139.88,1.96
7/19/2018,2804.49,144.45,1.96
7/20/2018,2801.83,141.65,1.95
7/23/2018,2806.98,141.02,1.96
7/24/2018,2820.4,141.68,1.98
7/25/2018,2846.07,141.91,1.97
7/26/2018,2837.44,142,1.95
7/27/2018,2818.82,140.49,1.96
7/30/2018,2802.6,140.82,2.01
7/31/2018,2816.29,140.28,1.99
08/01/2018,2813.36,138.89,1.99
08/02/2018,2827.22,138.37,1.98
08/03/2018,2840.35,142.96,1.97
08/06/2018,2850.4,141.34,2.02
08/07/2018,2858.45,142.29,2.02
08/08/2018,2857.7,142.18,2.02
08/09/2018,2853.58,140.12,2.02
08/10/2018,2833.28,139.84,2.01
8/13/2018,2821.93,138.13,2.03
8/14/2018,2839.96,138.76,2.04
8/15/2018,2818.37,139.29,2.03
8/16/2018,2840.69,140.68,2.03
8/17/2018,2850.13,141.37,2.01
8/20/2018,2857.05,141.81,2.03
8/21/2018,2862.96,141.29,2.04
8/22/2018,2861.82,140.58,2.05
8/23/2018,2856.98,140.7,2.04
8/24/2018,2874.69,141.35,2.05
8/27/2018,2896.74,141.98,2.08
8/28/2018,2897.52,141.89,2.09
8/29/2018,2914.04,142.81,2.09
8/30/2018,2901.13,141.25,2.07
8/31/2018,2901.52,141.78,2.07
09/04/2018,2896.72,141,2.09
09/05/2018,2888.6,141.95,2.1
09/06/2018,2878.05,141.69,2.09
09/07/2018,2871.68,140.78,2.1
09/10/2018,2877.13,140.98,2.11
09/11/2018,2887.89,141.79,2.11
09/12/2018,2888.92,141.87,2.12
9/13/2018,2904.18,144.17,2.11
9/14/2018,2904.98,143.57,2.12
9/17/2018,2888.8,143.19,2.13
9/18/2018,2904.31,143.79,2.13
9/19/2018,2907.95,144.28,2.12
9/20/2018,2930.75,146.3,2.13
9/21/2018,2929.67,146.49,2.14
9/24/2018,2919.37,145.22,2.18
9/25/2018,2915.56,144.13,2.17
9/26/2018,2905.97,146.74,2.16
9/27/2018,2914,146.64,2.14
9/28/2018,2913.98,146.36,2.15
10/01/2018,2924.59,148.09,2.19
10/02/2018,2923.43,148.82,2.19
10/03/2018,2925.51,148.3,2.19
10/04/2018,2901.61,146.45,2.18
10/05/2018,2885.57,144.25,2.18
10/08/2018,2884.43,143.63,2.195
10/09/2018,2880.34,142.51,2.21
10/10/2018,2785.68,138.11,2.23
10/11/2018,2728.37,134.56,2.22
10/12/2018,2767.13,136.33,2.23
10/15/2018,2750.79,136.6,2.27
10/16/2018,2809.92,140.46,2.26
10/17/2018,2809.21,129.75,2.27
10/18/2018,2768.78,126.36,2.27
10/19/2018,2767.78,124.96,2.26
10/22/2018,2755.88,125.85,2.3
10/23/2018,2740.69,127,2.29
10/24/2018,2656.1,123.13,2.29
10/25/2018,2705.57,122.39,2.29
10/26/2018,2658.69,120.79,2.28
10/29/2018,2641.25,115.8,2.3
10/30/2018,2682.63,111.7,2.29
10/31/2018,2711.74,111.73,2.29
11/01/2018,2740.37,113.08,2.27
11/02/2018,2723.06,111.96,2.28
11/05/2018,2738.31,116.21,2.32
11/06/2018,2755.45,119.17,2.31
11/07/2018,2813.89,120.83,2.32
11/08/2018,2806.83,119.42,2.3
11/09/2018,2781.01,119.58,2.31
11/12/2018,2726.22,117.02,2.325
11/13/2018,2722.18,116.96,2.34
11/14/2018,2701.58,116.34,2.33
11/15/2018,2730.2,117.54,2.32
11/16/2018,2736.27,117.67,2.31
11/19/2018,2690.73,116.45,2.34
11/20/2018,2641.89,113.44,2.34
11/21/2018,2649.93,114.76,2.36
11/23/2018,2632.56,113.43,2.36
11/26/2018,2673.45,115.72,2.37
11/27/2018,2682.17,116.18,2.36
11/28/2018,2743.79,119.05,2.35
11/29/2018,2737.76,117.58,2.32
11/30/2018,2760.17,120.28,2.32
12/03/2018,2790.37,121.29,2.34
12/04/2018,2700.06,117.7,2.38
12/06/2018,2695.95,119.93,2.36
12/07/2018,2633.08,115.51,2.35
12/10/2018,2637.72,117.24,2.37
12/11/2018,2636.78,117.01,2.37
12/12/2018,2651.07,117.27,2.39
12/13/2018,2650.54,116.86,2.38
12/14/2018,2599.95,116.05,2.37
12/17/2018,2545.94,112.37,2.36
12/18/2018,2546.16,112.91,2.34
12/19/2018,2506.96,112.69,2.35
12/20/2018,2467.42,109.39,2.34
12/21/2018,2416.62,107.38,2.34
12/24/2018,2351.1,104.12,2.41
12/26/2018,2467.7,107.82,2.39
12/27/2018,2488.83,110.13,2.36
12/28/2018,2485.74,109.4,2.35
12/31/2018,2506.85,110.02,2.4
01/02/2019,2510.03,111.51,2.37
01/03/2019,2447.89,109.29,2.36
01/04/2019,2531.94,113.55,2.37
01/07/2019,2549.69,114.36,2.41
01/08/2019,2574.41,115.98,2.41
01/09/2019,2584.96,116.82,2.4
01/10/2019,2596.64,117.88,2.38
01/11/2019,2596.26,117.56,2.38
1/14/2019,2582.61,116.53,2.4
1/15/2019,2610.3,117.82,2.4
1/16/2019,2616.1,117.72,2.38
1/17/2019,2635.96,118.27,2.37
1/18/2019,2670.71,119.85,2.36
1/22/2019,2632.9,118.59,2.38
1/23/2019,2638.7,128.63,2.36
1/24/2019,2642.33,128.28,2.32
1/25/2019,2664.76,129.67,2.34
1/28/2019,2643.85,129.96,2.37
1/29/2019,2640,130.02,2.37
1/30/2019,2681.05,130.07,2.37
1/31/2019,2704.1,130.11,2.36
02/01/2019,2706.53,129.8,2.35
02/04/2019,2724.87,130.85,2.37
02/05/2019,2737.7,131.2,2.37
02/06/2019,2731.61,131.95,2.37
02/07/2019,2706.05,128.92,2.37
02/08/2019,2707.88,129.42,2.38
02/11/2019,2709.8,129.69,2.4
02/12/2019,2744.73,131.68,2.38
2/13/2019,2753.03,133.11,2.39
2/14/2019,2745.73,132.1,2.38
2/15/2019,2775.6,133.6,2.38
2/19/2019,2779.76,134.25,2.41
2/20/2019,2784.7,133.57,2.4
2/21/2019,2774.88,133.42,2.4
2/22/2019,2792.67,134.78,2.41
2/25/2019,2796.11,134.98,2.42
2/26/2019,2793.9,135.24,2.4
2/27/2019,2792.38,134.7,2.4
2/28/2019,2784.49,133.7,2.4
03/01/2019,2803.69,134.73,2.39
03/04/2019,2792.81,133.99,2.41
03/05/2019,2789.65,133.46,2.41
03/06/2019,2771.45,132.58,2.41
03/07/2019,2748.93,131.02,2.4
03/08/2019,2743.07,130.75,2.41
03/11/2019,2783.3,133.29,2.41
03/12/2019,2791.52,133.84,2.41
3/13/2019,2810.92,134.11,2.4
3/14/2019,2808.48,134.34,2.4
3/15/2019,2822.48,134.96,2.4
3/18/2019,2832.94,135.71,2.39
3/19/2019,2832.57,135.98,2.41
3/20/2019,2824.23,135.12,2.42
3/21/2019,2854.88,136.9,2.43
3/22/2019,2800.71,134.97,2.41
3/25/2019,2798.36,134.71,2.41
3/26/2019,2818.46,135.72,2.41
3/27/2019,2805.37,134.77,2.39
3/28/2019,2815.44,135.43,2.38
3/29/2019,2834.4,136.57,2.35
04/01/2019,2867.19,138.7,2.38
04/02/2019,2867.24,138.41,2.37
04/03/2019,2873.4,139.02,2.39
04/04/2019,2879.39,138.2,2.39
04/05/2019,2892.74,138.68,2.39
04/08/2019,2895.77,138.79,2.38
04/09/2019,2878.2,137.55,2.37
04/10/2019,2888.21,138.43,2.38
04/11/2019,2888.32,139.17,2.38
04/12/2019,2907.41,139.72,2.39
4/15/2019,2905.58,139.28,2.38
4/16/2019,2907.06,140.48,2.38
4/17/2019,2900.45,134.65,2.39
4/18/2019,2905.03,135.83,2.37
4/22/2019,2907.97,134.43,2.39
4/23/2019,2933.68,135.93,2.4
4/24/2019,2927.25,135.46,2.39
4/25/2019,2926.17,134.18,2.38
4/26/2019,2939.88,134.96,2.37
4/29/2019,2943.03,134.59,2.39
4/30/2019,2945.83,135.77,2.38
05/01/2019,2923.73,136.05,2.38
05/02/2019,2917.52,135.11,2.41
05/03/2019,2945.64,135.75,2.38
05/06/2019,2932.47,135.87,2.39
05/07/2019,2884.05,133.22,2.38
05/08/2019,2879.42,133.57,2.38
05/09/2019,2870.72,131,2.38
05/10/2019,2881.4,130.98,2.38
5/13/2019,2811.87,127.2,2.36
5/14/2019,2834.41,129.03,2.36
5/15/2019,2850.96,130.09,2.37
5/16/2019,2876.32,131.52,2.35
5/17/2019,2859.53,130.01,2.34
5/20/2019,2840.23,130.78,2.34
5/21/2019,2864.36,132.07,2.34
5/22/2019,2856.27,131.97,2.33
5/23/2019,2822.24,128.14,2.32
5/24/2019,2826.06,128.03,2.3
5/28/2019,2802.39,126.27,2.32
5/29/2019,2783.02,125.53,2.32
5/30/2019,2788.86,125.41,2.33
5/31/2019,2752.06,122.91,2.3
06/03/2019,2744.45,124.15,2.3
06/04/2019,2803.27,128.43,2.3
06/05/2019,2826.15,127.27,2.3
06/06/2019,2843.49,127.98,2.28
06/07/2019,2873.34,129.03,2.23
06/10/2019,2886.73,130.42,2.24
06/11/2019,2885.72,131.59,2.22
06/12/2019,2879.84,130.54,2.19
6/13/2019,2891.64,131.4,2.14
6/14/2019,2886.98,130.81,2.15
6/17/2019,2889.67,130.62,2.18
6/18/2019,2917.75,132,2.17
6/19/2019,2926.46,132.68,2.13
6/20/2019,2954.18,134.39,2.09
6/21/2019,2950.46,134.73,2.07
6/24/2019,2945.35,134.88,2.08
6/25/2019,2917.38,133.92,2.07
6/26/2019,2913.78,134.07,2.1
6/27/2019,2924.92,134.07,2.09
6/28/2019,2941.76,133.47,2.08
07/01/2019,2964.33,135.39,2.16
07/02/2019,2973.01,135.72,2.15
07/03/2019,2995.82,137,2.16
07/05/2019,2990.41,136.84,2.18
07/08/2019,2975.95,136.06,2.21
07/09/2019,2979.63,134.86,2.21
07/10/2019,2993.07,135.96,2.15
07/11/2019,2999.91,136.71,2.12
07/12/2019,3013.77,138.16,2.1
7/15/2019,3014.3,138.72,2.11
7/16/2019,3004.04,138.92,2.1
7/17/2019,2984.42,138.48,2.09
7/18/2019,2995.11,144.83,2.01
7/19/2019,2976.61,144.88,2.02
7/22/2019,2985.03,144.93,2.04
7/23/2019,3005.47,145.55,2.02
7/24/2019,3019.56,145.22,2.05
7/25/2019,3003.67,145.56,2.06
7/26/2019,3025.86,146.5,2.08
7/29/2019,3020.97,146.04,2.07
7/30/2019,3013.18,144.96,2.04
7/31/2019,2980.38,143.48,2.04
08/01/2019,2953.56,145.5,2.03
08/02/2019,2932.05,142.52,2.02
08/05/2019,2844.74,136.24,2
08/06/2019,2881.77,136.21,2.01
08/07/2019,2883.98,134.65,1.98
08/08/2019,2938.09,135.6,1.98
08/09/2019,2918.65,131.76,1.96
08/12/2019,2883.09,129.38,1.96
8/13/2019,2926.32,131.43,1.96
8/14/2019,2840.6,127.04,1.92
8/15/2019,2847.6,127.69,1.87
8/16/2019,2888.68,129.47,1.83
8/19/2019,2923.65,130.71,1.9
8/20/2019,2900.51,128.73,1.9
8/21/2019,2924.43,129.94,1.93
8/22/2019,2922.95,130.01,1.96
8/23/2019,2847.11,125.41,1.93
8/26/2019,2878.38,125.82,1.96
8/27/2019,2869.16,126.96,1.94
8/28/2019,2887.94,128.5,1.95
8/29/2019,2924.58,130.55,1.95
8/30/2019,2926.46,131.18,1.95
09/03/2019,2906.27,129.8,1.94
09/04/2019,2937.78,131.95,1.93
09/05/2019,2976,136.45,1.93
09/06/2019,2978.71,136.06,1.92
09/09/2019,2978.43,138.02,1.92
09/10/2019,2979.39,140.39,1.91
09/11/2019,3000.93,138.99,1.92
09/12/2019,3009.57,139.01,1.91
9/13/2019,3007.39,139.06,1.92
9/16/2019,2997.96,137.91,1.95
9/17/2019,3005.7,137.64,1.95
9/18/2019,3006.73,137.66,1.91
9/19/2019,3006.79,138.38,1.89
9/20/2019,2992.07,137.33,1.87
9/23/2019,2991.78,137.51,1.9
9/24/2019,2966.6,137.13,1.88
9/25/2019,2984.87,138.57,1.85
9/26/2019,2977.62,138.94,1.79
9/27/2019,2961.79,138.64,1.76
9/30/2019,2976.74,140.75,1.84
10/01/2019,2940.25,139.05,1.78
10/02/2019,2887.61,137.14,1.75
10/03/2019,2910.63,137.46,1.67
10/04/2019,2952.01,138.4,1.68
10/07/2019,2938.79,136.75,1.71
10/08/2019,2893.06,133.94,1.68
10/09/2019,2919.4,135.19,1.66
10/10/2019,2938.13,136.6,1.65
10/11/2019,2970.27,138.18,1.65
10/14/2019,2966.15,137.48,1.645
10/15/2019,2995.68,138.41,1.64
10/16/2019,2989.69,137.55,1.63
10/17/2019,2997.95,129.95,1.63
10/18/2019,2986.2,129.79,1.63
10/21/2019,3006.72,128.33,1.64
10/22/2019,2995.99,129.66,1.62
10/23/2019,3004.52,130.07,1.62
10/24/2019,3010.29,129.77,1.64
10/25/2019,3022.55,131.09,1.63
10/28/2019,3039.42,131.61,1.62
10/29/2019,3036.89,129.53,1.6
10/30/2019,3046.77,130.91,1.59
10/31/2019,3037.56,129.44,1.51
11/01/2019,3066.91,131.18,1.49
11/04/2019,3078.27,133.25,1.5
11/05/2019,3074.62,133.46,1.53
11/06/2019,3076.78,134.33,1.53
11/07/2019,3085.18,133.27,1.53
11/08/2019,3093.08,133.19,1.52
11/11/2019,3087.01,131.12,1.54
11/12/2019,3091.84,131.24,1.56
11/13/2019,3094.04,130.16,1.54
11/14/2019,3096.63,129.7,1.54
11/15/2019,3120.46,130.09,1.54
11/18/2019,3122.03,130,1.54
11/19/2019,3120.18,130.2,1.54
11/20/2019,3108.46,128.93,1.54
11/21/2019,3103.54,129.54,1.55
11/22/2019,3110.29,130.03,1.55
11/25/2019,3133.64,131.61,1.58
11/26/2019,3140.52,130.75,1.57
11/27/2019,3153.63,129.48,1.59
11/29/2019,3140.98,130.14,1.56
12/02/2019,3113.87,128.64,1.57
12/03/2019,3093.2,127.88,1.54
12/04/2019,3112.76,127.75,1.52
12/05/2019,3117.43,127.68,1.51
12/06/2019,3145.91,128.94,1.5
12/09/2019,3135.96,129.62,1.51
12/10/2019,3132.52,129.61,1.53
12/11/2019,3141.63,129.47,1.54
12/12/2019,3168.57,130.98,1.53
12/13/2019,3168.8,129.9,1.54
12/16/2019,3191.45,129.83,1.54
12/17/2019,3192.52,129.91,1.53
12/18/2019,3191.14,130.1,1.53
12/19/2019,3205.37,130.24,1.54
12/20/2019,3221.22,131.24,1.55
12/23/2019,3224.01,131.2,1.56
12/24/2019,3223.38,130.65,1.55
12/26/2019,3239.91,130.58,1.55
12/27/2019,3240.02,130.93,1.54
12/30/2019,3221.29,128.55,1.54
12/31/2019,3230.78,129.74,1.52
01/02/2020,3257.85,131.07,1.51
01/03/2020,3234.85,130.03,1.49
01/06/2020,3246.28,129.8,1.53
01/07/2020,3237.18,129.88,1.51
01/08/2020,3253.05,130.97,1.51
01/09/2020,3274.7,132.35,1.51
01/10/2020,3265.35,132.3,1.51
1/13/2020,3288.13,132.22,1.54
1/14/2020,3283.15,131.46,1.54
1/15/2020,3289.29,132.24,1.54
1/16/2020,3316.81,133.55,1.52
1/17/2020,3329.62,133.87,1.53
1/21/2020,3320.79,134.7,1.53
1/22/2020,3321.75,139.27,1.52
1/23/2020,3325.54,138.28,1.52
1/24/2020,3295.47,136.05,1.51
1/27/2020,3243.63,134.17,1.52
1/28/2020,3276.24,135.07,1.54
1/29/2020,3273.4,133.27,1.53
1/30/2020,3283.66,132.38,1.54
1/31/2020,3225.52,139.12,1.52
02/03/2020,3248.92,141.58,1.54
02/04/2020,3297.59,144.32,1.54
02/05/2020,3334.69,151.31,1.54
02/06/2020,3345.78,151.73,1.54
02/07/2020,3327.71,148.49,1.53
02/10/2020,3352.09,149.47,1.55
02/11/2020,3357.75,148.55,1.54
02/12/2020,3379.45,150.33,1.55
2/13/2020,3373.94,149.36,1.56
2/14/2020,3380.16,145.86,1.55
2/18/2020,3370.29,146.25,1.55
2/19/2020,3386.15,146.02,1.55
2/20/2020,3373.23,146.37,1.55
2/21/2020,3337.75,145.03,1.53
2/24/2020,3225.89,141.73,1.5
2/25/2020,3128.21,137.16,1.5
2/26/2020,3116.39,135.27,1.5
2/27/2020,2978.76,128.84,1.42
2/28/2020,2954.22,125.97,1.25
03/02/2020,3090.23,129.99,1.1
03/03/2020,3003.37,124.76,0.93
03/04/2020,3130.12,129.91,0.71
03/05/2020,3023.94,125.39,0.61
03/06/2020,2972.37,123.63,0.45
03/09/2020,2746.56,114.03,0.32
03/10/2020,2882.23,120.77,0.43
03/11/2020,2741.38,114.18,0.41
03/12/2020,2480.64,99.51,0.33
3/13/2020,2711.02,104.49,0.27
3/16/2020,2386.13,95.9,0.24
3/17/2020,2529.19,103.23,0.19
3/18/2020,2398.1,100.23,0.02
3/19/2020,2409.39,97.12,0.04
3/20/2020,2304.92,92.33,0.05
3/23/2020,2237.4,91.73,0.02
3/24/2020,2447.33,102.09,0.01
3/25/2020,2475.56,102.45,-0.04
3/26/2020,2630.07,109.27,-0.05
3/27/2020,2541.47,104.56,0.03
3/30/2020,2626.65,109.31,0.12
3/31/2020,2584.59,107.37,0.11
04/01/2020,2470.5,101.77,0.09
04/02/2020,2526.9,106.47,0.09
04/03/2020,2488.65,102.93,0.1
04/06/2020,2663.68,111.14,0.15
04/07/2020,2659.41,111.25,0.14
04/08/2020,2749.98,115.46,0.22
04/09/2020,2789.82,117.6,0.25
4/13/2020,2761.63,117.26,0.26
4/14/2020,2846.06,119.93,0.2
4/15/2020,2783.36,114.88,0.14
4/16/2020,2799.55,112.02,0.14
4/17/2020,2874.56,116.27,0.12
4/20/2020,2823.16,116.55,0.12
4/21/2020,2736.56,113.01,0.11
4/22/2020,2799.31,115.48,0.12
4/23/2020,2797.8,117.46,0.11
4/24/2020,2836.74,120.72,0.12
4/27/2020,2878.48,121.88,0.12
4/28/2020,2863.39,122.22,0.11
4/29/2020,2939.51,124.56,0.1
4/30/2020,2912.43,121.53,0.09
05/01/2020,2830.71,117.96,0.12
05/04/2020,2842.74,117.77,0.13
05/05/2020,2868.44,118.65,0.13
05/06/2020,2848.42,119.22,0.12
05/07/2020,2881.19,117.34,0.11
05/08/2020,2929.8,119.04,0.12
05/11/2020,2930.32,118.66,0.12
05/12/2020,2870.12,116.4,0.13
5/13/2020,2820,112.02,0.13
5/14/2020,2852.5,113.2,0.12
5/15/2020,2863.7,113.23,0.12
5/18/2020,2953.91,117.66,0.13
5/19/2020,2922.94,116.43,0.13
5/20/2020,2971.61,117.48,0.12
5/21/2020,2948.51,115.3,0.12
5/22/2020,2955.45,114.59,0.12
5/26/2020,2991.77,117.85,0.14
5/27/2020,3036.13,121.51,0.15
5/28/2020,3029.73,120.53,0.15
5/29/2020,3044.31,120.89,0.14
06/01/2020,3055.73,120.88,0.14
06/02/2020,3080.82,121.96,0.15
06/03/2020,3122.87,124.91,0.16
06/04/2020,3112.35,124.75,0.15
06/05/2020,3193.93,127.82,0.15
06/08/2020,3232.39,131.39,0.17
06/09/2020,3207.18,127.64,0.19
06/10/2020,3190.14,125.7,0.17
06/11/2020,3002.1,114.22,0.17
06/12/2020,3041.31,118,0.16
6/15/2020,3066.59,117.75,0.18
6/16/2020,3124.74,121.13,0.17
6/17/2020,3113.49,120.17,0.17
6/18/2020,3115.34,120.18,0.16
6/19/2020,3097.74,118.54,0.15
6/22/2020,3117.86,117.18,0.16
6/23/2020,3131.29,115.58,0.16
6/24/2020,3050.33,112.68,0.15
6/25/2020,3083.76,115.21,0.16
6/26/2020,3009.05,113.43,0.14
6/29/2020,3053.24,115.91,0.14
6/30/2020,3100.29,116.89,0.16
07/01/2020,3115.86,114.74,0.14
07/02/2020,3130.01,115.86,0.14
07/06/2020,3179.72,116.33,0.15
07/07/2020,3145.32,113.81,0.15
07/08/2020,3169.94,113.93,0.15
07/09/2020,3152.05,112,0.13
07/10/2020,3185.04,114.55,0.13
7/13/2020,3155.22,115.37,0.14
7/14/2020,3197.52,116.73,0.15
7/15/2020,3226.56,119.05,0.16
7/16/2020,3215.57,120.03,0.11
7/17/2020,3224.73,121.09,0.11
7/20/2020,3251.84,122.31,0.13
7/21/2020,3257.3,122.01,0.13
7/22/2020,3276.02,124.54,0.13
7/23/2020,3235.66,123.24,0.12
7/24/2020,3215.63,121.75,0.11
7/27/2020,3239.41,122.16,0.11
7/28/2020,3218.44,120.48,0.11
7/29/2020,3258.44,121.3,0.11
7/30/2020,3246.22,118.96,0.09
7/31/2020,3271.12,118.99,0.09
08/03/2020,3294.61,120.32,0.1
08/04/2020,3306.51,121.8,0.09
08/05/2020,3327.77,121.42,0.1
08/06/2020,3349.16,122.07,0.1
08/07/2020,3351.28,120.95,0.1
08/10/2020,3360.47,123.03,0.11
08/11/2020,3333.69,122.68,0.11
08/12/2020,3380.35,122.63,0.11
8/13/2020,3373.43,121.02,0.1
8/14/2020,3372.85,121.25,0.1
8/17/2020,3381.99,120.45,0.1
8/18/2020,3389.78,120.91,0.09
8/19/2020,3374.85,119.87,0.11
8/20/2020,3385.51,119.2,0.11
8/21/2020,3397.16,119.21,0.1
8/24/2020,3431.28,121.65,0.12
8/25/2020,3443.62,120.64,0.11
8/26/2020,3478.73,120.19,0.11
8/27/2020,3484.55,120.65,0.11
8/28/2020,3508.01,121.06,0.1
8/31/2020,3500.31,119.35,0.11
09/01/2020,3526.65,119.44,0.12
09/02/2020,3580.84,124.07,0.12
09/03/2020,3455.06,120.46,0.11
09/04/2020,3426.96,118.38,0.11
09/08/2020,3331.84,117.32,0.13
09/09/2020,3398.96,118.34,0.12
09/10/2020,3339.19,116.69,0.12
09/11/2020,3340.97,117.56,0.11
9/14/2020,3383.54,118.17,0.11
9/15/2020,3401.2,118.51,0.11
9/16/2020,3385.49,120.23,0.12
9/17/2020,3357.01,120.91,0.09
9/18/2020,3319.47,118.82,0.1
9/21/2020,3281.06,116.39,0.1
9/22/2020,3315.57,116.64,0.1
9/23/2020,3236.92,115.02,0.11
9/24/2020,3246.59,114.3,0.1
9/25/2020,3298.46,115.13,0.1
9/28/2020,3351.6,117.82,0.11
9/29/2020,3335.47,117.06,0.09
9/30/2020,3363,117.77,0.1
10/01/2020,3380.8,117.2,0.09
10/02/2020,3348.44,116.7,0.09
10/05/2020,3408.63,118.09,0.1
10/06/2020,3360.95,118.06,0.1
10/07/2020,3419.45,120.09,0.1
10/08/2020,3446.83,127.27,0.09
10/09/2020,3477.13,123.69,0.1
10/12/2020,3534.22,123.13,0.105
10/13/2020,3511.93,121.09,0.11
10/14/2020,3488.67,121.9,0.12
10/15/2020,3483.34,120.88,0.11
10/16/2020,3483.81,121.89,0.11
10/19/2020,3426.92,121.49,0.11
10/20/2020,3443.12,113.6,0.1
10/21/2020,3435.56,111.37,0.1
10/22/2020,3453.49,112.04,0.09
10/23/2020,3465.39,112.28,0.1
10/26/2020,3400.97,108.62,0.11
10/27/2020,3390.68,107.01,0.1
10/28/2020,3271.03,103.23,0.1
10/29/2020,3310.11,105.41,0.09
10/30/2020,3269.96,108.08,0.09
11/02/2020,3310.24,109.29,0.09
11/03/2020,3369.02,110.5,0.1
11/04/2020,3443.44,108.31,0.1
11/05/2020,3510.45,111.09,0.1
11/06/2020,3509.44,110.38,0.1
11/09/2020,3550.5,111.82,0.11
11/10/2020,3545.53,114.13,0.1
11/11/2020,3572.66,113.44,0.1
11/12/2020,3537.01,110.83,0.1
11/13/2020,3585.15,113.1,0.09
11/16/2020,3626.91,114.56,0.09
11/17/2020,3609.53,113.92,0.09
11/18/2020,3567.79,113.02,0.09
11/19/2020,3581.87,113.42,0.07
11/20/2020,3557.54,113.19,0.07
11/23/2020,3577.59,116.24,0.08
11/24/2020,3635.41,120.43,0.09
11/25/2020,3629.65,120.21,0.09
11/27/2020,3638.35,120.36,0.09
11/30/2020,3621.63,119.56,0.08
12/01/2020,3662.45,119.21,0.09
12/02/2020,3669.01,120.62,0.09
12/03/2020,3666.72,119.64,0.08
12/04/2020,3699.12,123.12,0.09
12/07/2020,3691.96,120.7,0.08
12/08/2020,3702.25,121.68,0.09
12/09/2020,3672.82,122.72,0.08
12/10/2020,3668.1,120.95,0.08
12/11/2020,3663.46,120.28,0.08
12/14/2020,3647.49,119.57,0.09
12/15/2020,3694.62,121.89,0.08
12/16/2020,3701.17,121.52,0.09
12/17/2020,3722.48,121.52,0.08
12/18/2020,3709.41,121.81,0.08
12/21/2020,3694.92,119.43,0.09
12/22/2020,3687.26,119.64,0.09
12/23/2020,3690.01,119.92,0.09
12/24/2020,3703.06,120.69,0.09
12/28/2020,3735.36,120.81,0.11
12/29/2020,3727.04,119.83,0.1
12/30/2020,3732.04,120.35,0.08
12/31/2020,3756.07,121.84,0.09
01/04/2021,3700.65,119.96,0.09
01/05/2021,3726.86,122.09,0.09
01/06/2021,3748.14,125.14,0.09
01/07/2021,3803.79,124.85,0.09
01/08/2021,3824.68,124.41,0.08
01/11/2021,3799.61,124.45,0.08
01/12/2021,3801.19,125.06,0.09
1/13/2021,3809.84,122.85,0.09
1/14/2021,3795.54,124.83,0.09
1/15/2021,3768.25,124.27,0.09
1/19/2021,3798.91,124.88,0.09
1/20/2021,3851.85,125.91,0.08
1/21/2021,3853.07,127.42,0.09
1/22/2021,3841.47,114.8,0.08
1/25/2021,3855.36,114.77,0.09
1/26/2021,3849.62,118.56,0.07
1/27/2021,3750.77,118.54,0.08
1/28/2021,3787.38,116.23,0.07
1/29/2021,3714.24,115.29,0.06
02/01/2021,3773.86,116.67,0.07
02/02/2021,3826.31,115.61,0.07
02/03/2021,3830.17,115.3,0.04
02/04/2021,3871.74,117.14,0.04
02/05/2021,3886.83,117.88,0.03
02/08/2021,3915.59,119.64,0.05
02/09/2021,3911.23,118.18,0.04
02/10/2021,3909.88,118.32,0.05
02/11/2021,3916.38,117.03,0.05
02/12/2021,3934.83,116.92,0.04
2/16/2021,3932.59,116.22,0.04
2/17/2021,3931.33,116.12,0.04
2/18/2021,3913.97,116.86,0.03
2/19/2021,3906.71,115.17,0.04
2/22/2021,3876.5,116.98,0.03
2/23/2021,3881.37,116.84,0.04
2/24/2021,3925.43,119.26,0.03
2/25/2021,3829.34,118.54,0.04
2/26/2021,3811.15,115.11,0.04
03/01/2021,3901.82,116.87,0.05
03/02/2021,3870.29,116.47,0.04
03/03/2021,3819.72,118.43,0.05
03/04/2021,3768.47,116.26,0.04
03/05/2021,3841.94,118.89,0.04
03/08/2021,3821.35,120.8,0.05
03/09/2021,3875.44,120.19,0.05
03/10/2021,3898.81,123.77,0.04
03/11/2021,3939.34,123.06,0.04
03/12/2021,3943.34,123.51,0.04
3/15/2021,3968.94,124.45,0.04
3/16/2021,3962.71,124.12,0.02
3/17/2021,3974.12,124.89,0.02
3/18/2021,3915.46,125.89,0.01
3/19/2021,3913.1,124.76,0.01
3/22/2021,3940.59,126.36,0.03
3/23/2021,3910.52,126.27,0.01
3/24/2021,3889.14,126.43,0.02
3/25/2021,3909.52,128.8,0.02
3/26/2021,3974.54,132,0.02
3/29/2021,3971.09,131.5,0.03
3/30/2021,3958.55,130.4,0.02
3/31/2021,3972.89,128.98,0.03
04/01/2021,4019.87,128.95,0.02
04/05/2021,4077.91,131.57,0.03
04/06/2021,4073.94,129.91,0.02
04/07/2021,4079.95,130.6,0.02
04/08/2021,4097.17,130.78,0.01
04/09/2021,4128.8,131.37,0.02
04/12/2021,4127.99,130.27,0.02
4/13/2021,4141.59,126.97,0.03
4/14/2021,4124.66,128.37,0.02
4/15/2021,4170.42,128.33,0.02
4/16/2021,4185.47,129.3,0.02
4/19/2021,4163.26,128.85,0.02
4/20/2021,4134.94,133.73,0.03
4/21/2021,4173.42,138.94,0.03
4/22/2021,4134.98,136.75,0.03
4/23/2021,4180.17,137.86,0.03
4/26/2021,4187.62,137.03,0.03
4/27/2021,4186.72,137.45,0.01
4/28/2021,4183.18,138.41,0.01
4/29/2021,4211.47,139.61,0.01
4/30/2021,4181.17,137.33,0.01
05/03/2021,4192.66,140.1,0.04
05/04/2021,4164.66,141.07,0.02
05/05/2021,4167.59,140.56,0.02
05/06/2021,4201.62,143.66,0.02
05/07/2021,4232.6,140.79,0.02
05/10/2021,4188.43,141.48,0.02
05/11/2021,4152.1,139.59,0.01
05/12/2021,4063.04,136.77,0.02
5/13/2021,4112.5,139.54,0.02
5/14/2021,4173.85,140.04,0.01
5/17/2021,4163.29,140.45,0.02
5/18/2021,4127.83,139.29,0.02
5/19/2021,4115.68,138.59,0.01
5/20/2021,4159.12,139.26,0.01
5/21/2021,4155.86,140.09,0.01
5/24/2021,4197.05,140.08,0.02
5/25/2021,4188.13,139.18,0.02
5/26/2021,4195.99,138.78,0.02
5/27/2021,4200.88,139.2,0.02
5/28/2021,4204.11,139.13,0.01
06/01/2021,4202.04,139.56,0.02
06/02/2021,4208.12,141.04,0.02
06/03/2021,4192.85,140.88,0.02
06/04/2021,4229.89,142.69,0.02
06/07/2021,4226.52,143.27,0.02
06/08/2021,4227.26,144.29,0.02
06/09/2021,4219.55,145.83,0.03
06/10/2021,4239.18,145.71,0.03
06/11/2021,4247.44,146.43,0.03
6/14/2021,4255.15,145.22,0.03
6/15/2021,4246.59,144.57,0.03
6/16/2021,4223.7,143.09,0.04
6/17/2021,4221.86,140.93,0.04
6/18/2021,4166.45,138.53,0.05
6/21/2021,4224.79,141.94,0.05
6/22/2021,4246.44,141.66,0.04
6/23/2021,4241.84,139.97,0.05
6/24/2021,4266.49,140.77,0.05
6/25/2021,4280.7,142.13,0.06
6/28/2021,4290.61,140.63,0.05
6/29/2021,4291.8,140.88,0.04
6/30/2021,4297.5,141.89,0.05
07/01/2021,4319.94,142.13,0.05
07/02/2021,4352.34,135.53,0.05
07/06/2021,4343.54,134.33,0.05
07/07/2021,4358.13,135.33,0.05
07/08/2021,4320.82,136.22,0.06
07/09/2021,4369.55,136.98,0.06
07/12/2021,4384.63,136.4,0.05
7/13/2021,4369.21,135.78,0.05
7/14/2021,4374.3,135.33,0.06
7/15/2021,4360.03,135.94,0.05
7/16/2021,4327.16,134.44,0.05
7/19/2021,4258.49,133.49,0.05
7/20/2021,4323.06,135.48,0.05
7/21/2021,4358.69,136.77,0.05
7/22/2021,4367.48,136.19,0.05
7/23/2021,4411.79,136.8,0.05
7/26/2021,4422.3,138.19,0.05
7/27/2021,4401.46,138.17,0.05
7/28/2021,4400.64,137.22,0.05
7/29/2021,4419.15,137.38,0.06
7/30/2021,4395.26,136.44,0.06
08/02/2021,4387.16,136.88,0.05
08/03/2021,4423.15,139.45,0.05
08/04/2021,4402.66,138.18,0.05
08/05/2021,4429.1,138.19,0.05
08/06/2021,4436.52,139.47,0.06
08/09/2021,4432.35,136.72,0.06
08/10/2021,4436.75,136.84,0.05
08/11/2021,4447.7,137.57,0.05
08/12/2021,4460.83,138.48,0.06
8/13/2021,4468,138.58,0.06
8/16/2021,4479.71,138.98,0.06
8/17/2021,4448.08,137.85,0.07
8/18/2021,4400.27,134.99,0.07
8/19/2021,4405.8,133.59,0.06
8/20/2021,4441.67,134.65,0.05
8/23/2021,4479.53,135.14,0.05
8/24/2021,4486.23,135.35,0.05
8/25/2021,4496.19,135.37,0.06
8/26/2021,4470,134.33,0.05
8/27/2021,4509.37,134.94,0.05
8/30/2021,4528.79,134.51,0.05
8/31/2021,4522.68,135.84,0.04
09/01/2021,4524.09,134.83,0.05
09/02/2021,4536.95,135.52,0.05
09/03/2021,4535.43,135.1,0.05
09/07/2021,4520.03,133.63,0.05
09/08/2021,4514.07,134.22,0.05
09/09/2021,4493.28,133.32,0.04
09/10/2021,4458.58,132.62,0.05
9/13/2021,4468.73,133.72,0.06
9/14/2021,4443.05,131.85,0.04
9/15/2021,4480.7,132.8,0.04
9/16/2021,4473.75,132.05,0.04
9/17/2021,4432.99,130.89,0.04
9/20/2021,4357.73,130,0.04
9/21/2021,4354.19,128.7,0.03
9/22/2021,4395.64,130.31,0.03
9/23/2021,4448.98,132.34,0.03
9/24/2021,4455.48,133.08,0.03
9/27/2021,4443.11,134.11,0.04
9/28/2021,4352.63,133.06,0.04
9/29/2021,4359.46,134.71,0.04
9/30/2021,4307.54,134.47,0.04
10/01/2021,4357.04,138.72,0.04
10/04/2021,4300.46,139.49,0.04
10/05/2021,4345.72,138.56,0.04
10/06/2021,4363.55,137.79,0.04
10/07/2021,4399.76,137.26,0.05
10/08/2021,4391.34,138.62,0.05
10/11/2021,4361.19,137.86,0.055
10/12/2021,4350.65,135.96,0.06
10/13/2021,4363.8,136.24,0.05
10/14/2021,4438.26,138.79,0.05
10/15/2021,4471.37,139.97,0.05
10/18/2021,4486.46,137.75,0.06
10/19/2021,4519.63,137.42,0.05
10/20/2021,4536.19,137.35,0.05
10/21/2021,4549.78,124.21,0.06
10/22/2021,4544.9,123.78,0.06
10/25/2021,4566.48,123.54,0.06
10/26/2021,4574.79,123.05,0.06
10/27/2021,4551.68,121.15,0.06
10/28/2021,4596.42,121.8,0.06
10/29/2021,4605.38,121.09,0.05
11/01/2021,4613.67,122.23,0.05
11/02/2021,4630.65,122.13,0.05
11/03/2021,4660.57,123.05,0.05
11/04/2021,4680.06,120.85,0.04
11/05/2021,4697.53,123.61,0.05
11/08/2021,4701.7,124.54,0.06
11/09/2021,4685.25,120.85,0.04
11/10/2021,4646.71,120.22,0.05
11/11/2021,4649.27,120.27,0.05
11/12/2021,4682.85,118.96,0.05
11/15/2021,4682.8,118.87,0.05
11/16/2021,4700.9,118.46,0.05
11/17/2021,4688.67,118.06,0.05
11/18/2021,4704.54,116.66,0.05
11/19/2021,4697.96,116.05,0.05
11/22/2021,4682.94,116.47,0.05
11/23/2021,4690.7,116.79,0.06
11/24/2021,4701.46,116.73,0.06
11/26/2021,4594.62,115.81,0.06
11/29/2021,4655.27,118.5,0.06
11/30/2021,4567,117.1,0.05
12/01/2021,4513.04,116.92,0.06
12/02/2021,4577.1,116.9,0.05
12/03/2021,4538.43,118.84,0.06
12/06/2021,4591.67,119.91,0.06
12/07/2021,4686.75,121.58,0.06
12/08/2021,4701.21,123.02,0.07
12/09/2021,4667.45,123.57,0.06
12/10/2021,4712.02,124.09,0.06
12/13/2021,4668.97,122.58,0.05
12/14/2021,4634.09,123.76,0.05
12/15/2021,4709.85,123.11,0.06
12/16/2021,4668.67,125.93,0.05
12/17/2021,4620.64,127.4,0.05
12/20/2021,4568.02,127.06,0.07
12/21/2021,4649.23,128.97,0.07
12/22/2021,4696.56,129.75,0.08
12/23/2021,4725.79,130.63,0.08
12/27/2021,4791.19,131.62,0.06
12/28/2021,4786.35,132.63,0.06
12/29/2021,4793.06,133.35,0.05
12/30/2021,4778.73,133.91,0.05
12/31/2021,4766.18,133.66,0.06
01/03/2022,4796.56,136.04,0.09
01/04/2022,4793.54,138.02,0.08
01/05/2022,4700.58,138.22,0.09
01/06/2022,4696.05,135.34,0.1
01/07/2022,4677.03,134.83,0.1
01/10/2022,4670.29,135.03,0.13
01/11/2022,4713.07,132.87,0.12
01/12/2022,4726.35,133.59,0.12
1/13/2022,4659.03,134.76,0.12
1/14/2022,4662.85,134.21,0.13
1/18/2022,4577.11,132.94,0.17
1/19/2022,4532.76,131.58,0.17
1/20/2022,4482.73,130.82,0.18
1/21/2022,4397.94,129.35,0.17
1/24/2022,4410.13,128.82,0.2
1/25/2022,4356.45,136.1,0.2
1/26/2022,4349.93,134.26,0.19
1/27/2022,4326.51,132.52,0.2
1/28/2022,4431.85,134.5,0.19
1/31/2022,4515.55,133.57,0.24
02/01/2022,4546.54,135.53,0.2
02/02/2022,4589.38,137.25,0.2
02/03/2022,4477.44,137.78,0.21
02/04/2022,4500.53,137.15,0.23
02/07/2022,4483.87,137.24,0.28
02/08/2022,4521.54,137.02,0.27
02/09/2022,4587.18,137.79,0.27
02/10/2022,4504.08,133.52,0.41
02/11/2022,4418.64,132.69,0.37
2/14/2022,4401.67,130.15,0.45
2/15/2022,4471.07,129.94,0.41
2/16/2022,4475.01,129.18,0.39
2/17/2022,4380.26,124.97,0.37
2/18/2022,4348.87,124.35,0.35
2/22/2022,4304.76,123.92,0.39
2/23/2022,4225.5,122.07,0.36
2/24/2022,4288.7,121.97,0.33
2/25/2022,4384.65,124.18,0.33
2/28/2022,4373.94,122.51,0.37
03/01/2022,4306.26,121.35,0.32
03/02/2022,4386.54,123.86,0.33
03/03/2022,4363.49,125.93,0.37
03/04/2022,4328.87,126.62,0.33
03/07/2022,4201.09,126.07,0.38
03/08/2022,4170.7,125.68,0.36
03/09/2022,4277.88,126.22,0.38
03/10/2022,4259.52,124.35,0.38
03/11/2022,4204.31,123.96,0.39
3/14/2022,4173.11,123.94,0.45
3/15/2022,4262.45,125.64,0.46
3/16/2022,4357.86,127.04,0.43
3/17/2022,4411.67,127.96,0.4
3/18/2022,4463.12,128.76,0.41
3/21/2022,4461.18,128.1,0.55
3/22/2022,4511.61,129.06,0.51
3/23/2022,4456.24,128.3,0.5
3/24/2022,4520.16,129.25,0.5
3/25/2022,4543.06,131.35,0.53
3/28/2022,4575.52,131.47,0.6
3/29/2022,4631.6,131.94,0.56
3/30/2022,4602.45,132.13,0.55
3/31/2022,4530.41,130.02,0.51
04/01/2022,4545.86,130.15,0.52
04/04/2022,4582.64,130.27,0.67
04/05/2022,4525.12,128.89,0.65
04/06/2022,4481.15,129.39,0.67
04/07/2022,4500.21,128.55,0.68
04/08/2022,4488.28,127.73,0.69
04/11/2022,4412.53,126.37,0.78
04/12/2022,4397.45,125.98,0.74
4/13/2022,4446.59,126.14,0.75
4/14/2022,4392.59,126.56,0.78
4/18/2022,4391.69,126.17,0.82
4/19/2022,4462.21,129.15,0.82
4/20/2022,4459.45,138.32,0.82
4/21/2022,4393.66,139.85,0.82
4/22/2022,4271.78,138.25,0.82
4/25/2022,4296.12,139.1,0.93
4/26/2022,4175.2,136.19,0.84
4/27/2022,4183.96,135.06,0.82
4/28/2022,4287.5,135.74,0.81
4/29/2022,4131.93,132.21,0.83
05/02/2022,4155.38,133.04,0.9
05/03/2022,4175.48,132.52,0.9
05/04/2022,4300.17,137.4,0.88
05/05/2022,4146.87,135.92,0.84
05/06/2022,4123.34,137.67,0.84
05/09/2022,3991.24,134.44,0.92
05/10/2022,4001.05,129.13,0.89
05/11/2022,3935.18,130.75,0.9
05/12/2022,3930.08,132.9,0.95
5/13/2022,4023.89,133.6,1.01
5/16/2022,4008.01,135.03,1.07
5/17/2022,4088.85,138.37,1.06
5/18/2022,3923.68,132.94,1.02
5/19/2022,3900.79,129.66,1.04
5/20/2022,3901.36,128.48,1.01
5/23/2022,3973.75,131.17,1.07
5/24/2022,3941.48,133.8,1.05
5/25/2022,3978.73,134.39,1.05
5/26/2022,4057.84,136.89,1.06
5/27/2022,4158.24,139.27,1.06
5/31/2022,4132.15,138.84,1.13
06/01/2022,4101.23,139.43,1.12
06/02/2022,4176.82,140.15,1.13
06/03/2022,4108.54,141.18,1.17
06/06/2022,4121.43,142.88,1.23
06/07/2022,4160.68,142.78,1.24
06/08/2022,4115.77,140.83,1.25
06/09/2022,4017.82,137.96,1.26
06/10/2022,3900.86,136.19,1.34
6/13/2022,3749.63,135.11,1.69
6/14/2022,3735.48,135.72,1.78
6/15/2022,3789.99,137.06,1.69
6/16/2022,3666.77,135.67,1.54
6/17/2022,3674.84,135.02,1.58
6/21/2022,3764.79,137.85,1.66
6/22/2022,3759.89,137.08,1.57
6/23/2022,3795.73,138.44,1.59
6/24/2022,3911.74,142.06,1.66
6/27/2022,3900.11,142.8,1.75
6/28/2022,3821.55,141.86,1.75
6/29/2022,3818.83,140.71,1.73
6/30/2022,3785.38,141.19,1.66
07/01/2022,3825.33,141.12,1.66
07/05/2022,3831.39,137.62,1.86
07/06/2022,3845.08,138.08,1.85
07/07/2022,3902.62,140.83,1.89
07/08/2022,3899.38,140.47,1.91
07/11/2022,3854.43,141,2.13
07/12/2022,3818.8,139.18,2.16
7/13/2022,3801.78,137.18,2.33
7/14/2022,3790.38,139.06,2.33
7/15/2022,3863.16,139.92,2.29
7/18/2022,3830.85,138.13,2.44
7/19/2022,3936.69,130.88,2.46
7/20/2022,3959.9,129.18,2.44
7/21/2022,3998.95,127.15,2.4
7/22/2022,3961.63,128.25,2.41
7/25/2022,3966.84,128.54,2.55
7/26/2022,3921.05,128.08,2.48
7/27/2022,4023.61,129.12,2.37
7/28/2022,4072.43,129.22,2.35
7/29/2022,4130.29,130.79,2.34
08/01/2022,4118.63,132.04,2.48
08/02/2022,4091.19,131.81,2.48
08/03/2022,4155.17,132.34,2.44
08/04/2022,4151.94,131.64,2.41
08/05/2022,4145.19,132.48,2.48
08/08/2022,4140.06,132.61,2.57
08/09/2022,4122.47,129.47,2.58
08/10/2022,4210.24,131.5,2.56
08/11/2022,4207.27,132.54,2.52
08/12/2022,4280.15,134.01,2.53
8/15/2022,4297.14,134.93,2.63
8/16/2022,4305.2,136.56,2.61
8/17/2022,4274.04,137.79,2.59
8/18/2022,4283.74,139.07,2.61
8/19/2022,4228.48,138.37,2.64
8/22/2022,4137.99,135.55,2.74
8/23/2022,4128.73,134.74,2.71
8/24/2022,4140.77,133.23,2.73
8/25/2022,4199.12,133.98,2.78
8/26/2022,4057.66,130.38,2.78
8/29/2022,4030.61,130.31,2.89
8/30/2022,3986.16,129.58,2.88
8/31/2022,3955,128.45,2.87
09/01/2022,3966.85,129.66,2.88
09/02/2022,3924.26,127.79,2.85
09/06/2022,3908.19,126.72,2.96
09/07/2022,3979.87,127.71,2.98
09/08/2022,4006.18,128.47,2.97
09/09/2022,4067.36,129.19,2.98
09/12/2022,4110.41,130.66,3.09
9/13/2022,3932.69,127.25,3.19
9/14/2022,3946.01,127.69,3.14
9/15/2022,3901.35,125.49,3.12
9/16/2022,3873.33,127.27,3.1
9/19/2022,3899.89,127.73,3.29
9/20/2022,3855.93,126.3,3.26
9/21/2022,3789.93,124.93,3.21
9/22/2022,3757.99,125.31,3.19
9/23/2022,3693.23,122.71,3.12
9/26/2022,3655.04,122.01,3.3
9/27/2022,3647.29,121.74,3.26
9/28/2022,3719.04,122.76,3.29
9/29/2022,3640.47,121.63,3.26
9/30/2022,3585.62,118.81,3.22
10/03/2022,3678.43,121.51,3.34
10/04/2022,3790.93,125.5,3.32
10/05/2022,3783.28,125.74,3.33
10/06/2022,3744.52,122.23,3.32
10/07/2022,3639.66,118.82,3.31
10/10/2022,3612.39,117.75,3.42
10/11/2022,3588.84,117.8,3.53
10/12/2022,3577.03,117.57,3.56
10/13/2022,3669.91,121.79,3.64
10/14/2022,3583.07,120.04,3.65
10/17/2022,3677.95,121.52,3.82
10/18/2022,3719.98,122.94,3.89
10/19/2022,3695.16,122.51,3.91
10/20/2022,3665.78,128.3,3.91
10/21/2022,3752.75,129.9,3.9
10/24/2022,3797.34,132.69,4
10/25/2022,3859.11,132.93,3.97
10/26/2022,3830.6,135.01,3.94
10/27/2022,3807.3,134.77,3.95
10/28/2022,3901.06,138.51,3.99
10/31/2022,3871.98,138.29,4.06
11/01/2022,3856.1,138.2,4.06
11/02/2022,3759.69,136.83,4.04
11/03/2022,3719.89,134.47,4.06
11/04/2022,3770.55,136.96,4.02
11/07/2022,3806.8,138.34,4.12
11/08/2022,3828.11,140.04,4.1
11/09/2022,3748.57,137.39,4.11
11/10/2022,3956.37,141.23,4.09
11/11/2022,3992.93,143.17,4.125
11/14/2022,3957.25,144.2,4.16
11/15/2022,3991.73,144.34,4.14
11/16/2022,3958.79,144.52,4.14
